,Prices
2020-10-31,10.1
2020-11-01,10.106666666666666
2020-11-02,10.113333333333333
2020-11-03,10.12
2020-11-04,10.126666666666667
2020-11-05,10.133333333333333
2020-11-06,10.14
2020-11-07,10.146666666666667
2020-11-08,10.153333333333332
2020-11-09,10.16
2020-11-10,10.166666666666666
2020-11-11,10.173333333333334
2020-11-12,10.18
2020-11-13,10.186666666666667
2020-11-14,10.193333333333333
2020-11-15,10.2
2020-11-16,10.206666666666667
2020-11-17,10.213333333333333
2020-11-18,10.22
2020-11-19,10.226666666666667
2020-11-20,10.233333333333334
2020-11-21,10.24
2020-11-22,10.246666666666668
2020-11-23,10.253333333333334
2020-11-24,10.26
2020-11-25,10.266666666666667
2020-11-26,10.273333333333333
2020-11-27,10.280000000000001
2020-11-28,10.286666666666667
2020-11-29,10.293333333333335
2020-11-30,10.3
2020-12-01,10.322580645161292
2020-12-02,10.345161290322581
2020-12-03,10.367741935483872
2020-12-04,10.390322580645162
2020-12-05,10.412903225806453
2020-12-06,10.435483870967742
2020-12-07,10.458064516129033
2020-12-08,10.480645161290322
2020-12-09,10.503225806451614
2020-12-10,10.525806451612903
2020-12-11,10.548387096774194
2020-12-12,10.570967741935485
2020-12-13,10.593548387096774
2020-12-14,10.616129032258065
2020-12-15,10.638709677419355
2020-12-16,10.661290322580646
2020-12-17,10.683870967741935
2020-12-18,10.706451612903226
2020-12-19,10.729032258064516
2020-12-20,10.751612903225807
2020-12-21,10.774193548387098
2020-12-22,10.796774193548387
2020-12-23,10.819354838709678
2020-12-24,10.841935483870968
2020-12-25,10.864516129032259
2020-12-26,10.887096774193548
2020-12-27,10.90967741935484
2020-12-28,10.932258064516128
2020-12-29,10.95483870967742
2020-12-30,10.977419354838709
2020-12-31,11.0
2021-01-01,10.996774193548386
2021-01-02,10.993548387096775
2021-01-03,10.990322580645161
2021-01-04,10.987096774193548
2021-01-05,10.983870967741936
2021-01-06,10.980645161290322
2021-01-07,10.977419354838709
2021-01-08,10.974193548387097
2021-01-09,10.970967741935484
2021-01-10,10.967741935483872
2021-01-11,10.964516129032258
2021-01-12,10.961290322580645
2021-01-13,10.958064516129033
2021-01-14,10.95483870967742
2021-01-15,10.951612903225806
2021-01-16,10.948387096774194
2021-01-17,10.94516129032258
2021-01-18,10.941935483870967
2021-01-19,10.938709677419356
2021-01-20,10.935483870967742
2021-01-21,10.932258064516128
2021-01-22,10.929032258064517
2021-01-23,10.925806451612903
2021-01-24,10.922580645161291
2021-01-25,10.919354838709678
2021-01-26,10.916129032258064
2021-01-27,10.912903225806453
2021-01-28,10.90967741935484
2021-01-29,10.906451612903226
2021-01-30,10.903225806451614
2021-01-31,10.9
2021-02-01,10.9
2021-02-02,10.9
2021-02-03,10.9
2021-02-04,10.9
2021-02-05,10.9
2021-02-06,10.9
2021-02-07,10.9
2021-02-08,10.9
2021-02-09,10.9
2021-02-10,10.9
2021-02-11,10.9
2021-02-12,10.9
2021-02-13,10.9
2021-02-14,10.9
2021-02-15,10.9
2021-02-16,10.9
2021-02-17,10.9
2021-02-18,10.9
2021-02-19,10.9
2021-02-20,10.9
2021-02-21,10.9
2021-02-22,10.9
2021-02-23,10.9
2021-02-24,10.9
2021-02-25,10.9
2021-02-26,10.9
2021-02-27,10.9
2021-02-28,10.9
2021-03-01,10.9
2021-03-02,10.9
2021-03-03,10.9
2021-03-04,10.9
2021-03-05,10.9
2021-03-06,10.9
2021-03-07,10.9
2021-03-08,10.9
2021-03-09,10.9
2021-03-10,10.9
2021-03-11,10.9
2021-03-12,10.9
2021-03-13,10.9
2021-03-14,10.9
2021-03-15,10.9
2021-03-16,10.9
2021-03-17,10.9
2021-03-18,10.9
2021-03-19,10.9
2021-03-20,10.9
2021-03-21,10.9
2021-03-22,10.9
2021-03-23,10.9
2021-03-24,10.9
2021-03-25,10.9
2021-03-26,10.9
2021-03-27,10.9
2021-03-28,10.9
2021-03-29,10.9
2021-03-30,10.9
2021-03-31,10.9
2021-04-01,10.883333333333333
2021-04-02,10.866666666666667
2021-04-03,10.85
2021-04-04,10.833333333333334
2021-04-05,10.816666666666666
2021-04-06,10.8
2021-04-07,10.783333333333333
2021-04-08,10.766666666666667
2021-04-09,10.75
2021-04-10,10.733333333333334
2021-04-11,10.716666666666667
2021-04-12,10.700000000000001
2021-04-13,10.683333333333334
2021-04-14,10.666666666666668
2021-04-15,10.65
2021-04-16,10.633333333333333
2021-04-17,10.616666666666667
2021-04-18,10.6
2021-04-19,10.583333333333334
2021-04-20,10.566666666666666
2021-04-21,10.55
2021-04-22,10.533333333333333
2021-04-23,10.516666666666667
2021-04-24,10.5
2021-04-25,10.483333333333334
2021-04-26,10.466666666666667
2021-04-27,10.450000000000001
2021-04-28,10.433333333333334
2021-04-29,10.416666666666668
2021-04-30,10.4
2021-05-01,10.381935483870969
2021-05-02,10.363870967741935
2021-05-03,10.345806451612903
2021-05-04,10.327741935483871
2021-05-05,10.30967741935484
2021-05-06,10.291612903225806
2021-05-07,10.273548387096774
2021-05-08,10.255483870967742
2021-05-09,10.23741935483871
2021-05-10,10.219354838709677
2021-05-11,10.201290322580645
2021-05-12,10.183225806451613
2021-05-13,10.165161290322581
2021-05-14,10.147096774193548
2021-05-15,10.129032258064516
2021-05-16,10.110967741935484
2021-05-17,10.092903225806452
2021-05-18,10.074838709677419
2021-05-19,10.056774193548387
2021-05-20,10.038709677419355
2021-05-21,10.020645161290323
2021-05-22,10.00258064516129
2021-05-23,9.984516129032258
2021-05-24,9.966451612903226
2021-05-25,9.948387096774194
2021-05-26,9.93032258064516
2021-05-27,9.912258064516129
2021-05-28,9.894193548387097
2021-05-29,9.876129032258063
2021-05-30,9.858064516129032
2021-05-31,9.84
2021-06-01,9.845333333333333
2021-06-02,9.850666666666667
2021-06-03,9.856
2021-06-04,9.861333333333333
2021-06-05,9.866666666666667
2021-06-06,9.872
2021-06-07,9.877333333333333
2021-06-08,9.882666666666667
2021-06-09,9.888
2021-06-10,9.893333333333333
2021-06-11,9.898666666666667
2021-06-12,9.904
2021-06-13,9.909333333333333
2021-06-14,9.914666666666667
2021-06-15,9.92
2021-06-16,9.925333333333333
2021-06-17,9.930666666666667
2021-06-18,9.936
2021-06-19,9.941333333333333
2021-06-20,9.946666666666667
2021-06-21,9.952
2021-06-22,9.957333333333333
2021-06-23,9.962666666666667
2021-06-24,9.968
2021-06-25,9.973333333333333
2021-06-26,9.978666666666667
2021-06-27,9.984
2021-06-28,9.989333333333333
2021-06-29,9.994666666666667
2021-06-30,10.0
2021-07-01,10.003225806451614
2021-07-02,10.006451612903225
2021-07-03,10.009677419354839
2021-07-04,10.012903225806452
2021-07-05,10.016129032258064
2021-07-06,10.019354838709678
2021-07-07,10.022580645161291
2021-07-08,10.025806451612903
2021-07-09,10.029032258064516
2021-07-10,10.032258064516128
2021-07-11,10.035483870967742
2021-07-12,10.038709677419355
2021-07-13,10.041935483870967
2021-07-14,10.04516129032258
2021-07-15,10.048387096774194
2021-07-16,10.051612903225806
2021-07-17,10.05483870967742
2021-07-18,10.058064516129033
2021-07-19,10.061290322580644
2021-07-20,10.064516129032258
2021-07-21,10.067741935483872
2021-07-22,10.070967741935483
2021-07-23,10.074193548387097
2021-07-24,10.077419354838709
2021-07-25,10.080645161290322
2021-07-26,10.083870967741936
2021-07-27,10.087096774193547
2021-07-28,10.09032258064516
2021-07-29,10.093548387096774
2021-07-30,10.096774193548386
2021-07-31,10.1
2021-08-01,10.106451612903225
2021-08-02,10.112903225806452
2021-08-03,10.119354838709677
2021-08-04,10.125806451612902
2021-08-05,10.13225806451613
2021-08-06,10.138709677419355
2021-08-07,10.14516129032258
2021-08-08,10.151612903225807
2021-08-09,10.158064516129032
2021-08-10,10.164516129032258
2021-08-11,10.170967741935485
2021-08-12,10.17741935483871
2021-08-13,10.183870967741935
2021-08-14,10.190322580645162
2021-08-15,10.196774193548388
2021-08-16,10.203225806451613
2021-08-17,10.209677419354838
2021-08-18,10.216129032258065
2021-08-19,10.22258064516129
2021-08-20,10.229032258064516
2021-08-21,10.235483870967743
2021-08-22,10.241935483870968
2021-08-23,10.248387096774193
2021-08-24,10.25483870967742
2021-08-25,10.261290322580646
2021-08-26,10.26774193548387
2021-08-27,10.274193548387098
2021-08-28,10.280645161290323
2021-08-29,10.287096774193548
2021-08-30,10.293548387096775
2021-08-31,10.3
2021-09-01,10.296666666666667
2021-09-02,10.293333333333335
2021-09-03,10.290000000000001
2021-09-04,10.286666666666667
2021-09-05,10.283333333333333
2021-09-06,10.280000000000001
2021-09-07,10.276666666666667
2021-09-08,10.273333333333333
2021-09-09,10.27
2021-09-10,10.266666666666667
2021-09-11,10.263333333333334
2021-09-12,10.26
2021-09-13,10.256666666666666
2021-09-14,10.253333333333334
2021-09-15,10.25
2021-09-16,10.246666666666666
2021-09-17,10.243333333333334
2021-09-18,10.24
2021-09-19,10.236666666666666
2021-09-20,10.233333333333333
2021-09-21,10.23
2021-09-22,10.226666666666667
2021-09-23,10.223333333333333
2021-09-24,10.219999999999999
2021-09-25,10.216666666666667
2021-09-26,10.213333333333333
2021-09-27,10.209999999999999
2021-09-28,10.206666666666665
2021-09-29,10.203333333333333
2021-09-30,10.2
2021-10-01,10.196774193548386
2021-10-02,10.193548387096774
2021-10-03,10.19032258064516
2021-10-04,10.187096774193547
2021-10-05,10.183870967741935
2021-10-06,10.180645161290322
2021-10-07,10.177419354838708
2021-10-08,10.174193548387096
2021-10-09,10.170967741935483
2021-10-10,10.167741935483871
2021-10-11,10.164516129032258
2021-10-12,10.161290322580644
2021-10-13,10.158064516129032
2021-10-14,10.154838709677419
2021-10-15,10.151612903225805
2021-10-16,10.148387096774194
2021-10-17,10.14516129032258
2021-10-18,10.141935483870967
2021-10-19,10.138709677419355
2021-10-20,10.135483870967741
2021-10-21,10.132258064516128
2021-10-22,10.129032258064516
2021-10-23,10.125806451612902
2021-10-24,10.12258064516129
2021-10-25,10.119354838709677
2021-10-26,10.116129032258064
2021-10-27,10.112903225806452
2021-10-28,10.109677419354838
2021-10-29,10.106451612903225
2021-10-30,10.103225806451613
2021-10-31,10.1
2021-11-01,10.136666666666667
2021-11-02,10.173333333333334
2021-11-03,10.209999999999999
2021-11-04,10.246666666666666
2021-11-05,10.283333333333333
2021-11-06,10.32
2021-11-07,10.356666666666666
2021-11-08,10.393333333333333
2021-11-09,10.43
2021-11-10,10.466666666666667
2021-11-11,10.503333333333332
2021-11-12,10.54
2021-11-13,10.576666666666666
2021-11-14,10.613333333333333
2021-11-15,10.649999999999999
2021-11-16,10.686666666666666
2021-11-17,10.723333333333333
2021-11-18,10.76
2021-11-19,10.796666666666667
2021-11-20,10.833333333333332
2021-11-21,10.87
2021-11-22,10.906666666666666
2021-11-23,10.943333333333333
2021-11-24,10.979999999999999
2021-11-25,11.016666666666666
2021-11-26,11.053333333333333
2021-11-27,11.09
2021-11-28,11.126666666666665
2021-11-29,11.163333333333332
2021-11-30,11.2
2021-12-01,11.206451612903225
2021-12-02,11.212903225806452
2021-12-03,11.219354838709677
2021-12-04,11.225806451612902
2021-12-05,11.23225806451613
2021-12-06,11.238709677419354
2021-12-07,11.24516129032258
2021-12-08,11.251612903225807
2021-12-09,11.258064516129032
2021-12-10,11.264516129032257
2021-12-11,11.270967741935484
2021-12-12,11.27741935483871
2021-12-13,11.283870967741935
2021-12-14,11.290322580645162
2021-12-15,11.296774193548387
2021-12-16,11.303225806451612
2021-12-17,11.309677419354838
2021-12-18,11.316129032258065
2021-12-19,11.32258064516129
2021-12-20,11.329032258064515
2021-12-21,11.335483870967742
2021-12-22,11.341935483870968
2021-12-23,11.348387096774193
2021-12-24,11.35483870967742
2021-12-25,11.361290322580645
2021-12-26,11.36774193548387
2021-12-27,11.374193548387098
2021-12-28,11.380645161290323
2021-12-29,11.387096774193548
2021-12-30,11.393548387096775
2021-12-31,11.4
2022-01-01,11.403225806451614
2022-01-02,11.406451612903226
2022-01-03,11.40967741935484
2022-01-04,11.412903225806453
2022-01-05,11.416129032258064
2022-01-06,11.419354838709678
2022-01-07,11.422580645161291
2022-01-08,11.425806451612903
2022-01-09,11.429032258064517
2022-01-10,11.432258064516128
2022-01-11,11.435483870967742
2022-01-12,11.438709677419356
2022-01-13,11.441935483870967
2022-01-14,11.44516129032258
2022-01-15,11.448387096774194
2022-01-16,11.451612903225806
2022-01-17,11.45483870967742
2022-01-18,11.458064516129033
2022-01-19,11.461290322580645
2022-01-20,11.464516129032258
2022-01-21,11.467741935483872
2022-01-22,11.470967741935484
2022-01-23,11.474193548387097
2022-01-24,11.477419354838709
2022-01-25,11.480645161290322
2022-01-26,11.483870967741936
2022-01-27,11.487096774193548
2022-01-28,11.490322580645161
2022-01-29,11.493548387096775
2022-01-30,11.496774193548386
2022-01-31,11.5
2022-02-01,11.510714285714286
2022-02-02,11.521428571428572
2022-02-03,11.532142857142857
2022-02-04,11.542857142857143
2022-02-05,11.553571428571429
2022-02-06,11.564285714285715
2022-02-07,11.575
2022-02-08,11.585714285714285
2022-02-09,11.596428571428572
2022-02-10,11.607142857142858
2022-02-11,11.617857142857144
2022-02-12,11.628571428571428
2022-02-13,11.639285714285714
2022-02-14,11.65
2022-02-15,11.660714285714286
2022-02-16,11.671428571428573
2022-02-17,11.682142857142857
2022-02-18,11.692857142857143
2022-02-19,11.70357142857143
2022-02-20,11.714285714285715
2022-02-21,11.725000000000001
2022-02-22,11.735714285714286
2022-02-23,11.746428571428572
2022-02-24,11.757142857142858
2022-02-25,11.767857142857144
2022-02-26,11.778571428571428
2022-02-27,11.789285714285715
2022-02-28,11.8
2022-03-01,11.790322580645162
2022-03-02,11.780645161290323
2022-03-03,11.770967741935484
2022-03-04,11.761290322580646
2022-03-05,11.751612903225807
2022-03-06,11.741935483870968
2022-03-07,11.73225806451613
2022-03-08,11.72258064516129
2022-03-09,11.712903225806452
2022-03-10,11.703225806451613
2022-03-11,11.693548387096774
2022-03-12,11.683870967741935
2022-03-13,11.674193548387096
2022-03-14,11.664516129032258
2022-03-15,11.654838709677419
2022-03-16,11.645161290322582
2022-03-17,11.635483870967743
2022-03-18,11.625806451612904
2022-03-19,11.616129032258065
2022-03-20,11.606451612903227
2022-03-21,11.596774193548388
2022-03-22,11.587096774193549
2022-03-23,11.57741935483871
2022-03-24,11.567741935483872
2022-03-25,11.558064516129033
2022-03-26,11.548387096774194
2022-03-27,11.538709677419355
2022-03-28,11.529032258064516
2022-03-29,11.519354838709678
2022-03-30,11.509677419354839
2022-03-31,11.5
2022-04-01,11.473333333333333
2022-04-02,11.446666666666667
2022-04-03,11.42
2022-04-04,11.393333333333333
2022-04-05,11.366666666666667
2022-04-06,11.34
2022-04-07,11.313333333333333
2022-04-08,11.286666666666667
2022-04-09,11.26
2022-04-10,11.233333333333333
2022-04-11,11.206666666666667
2022-04-12,11.18
2022-04-13,11.153333333333332
2022-04-14,11.126666666666667
2022-04-15,11.1
2022-04-16,11.073333333333332
2022-04-17,11.046666666666667
2022-04-18,11.02
2022-04-19,10.993333333333332
2022-04-20,10.966666666666667
2022-04-21,10.94
2022-04-22,10.913333333333332
2022-04-23,10.886666666666667
2022-04-24,10.86
2022-04-25,10.833333333333332
2022-04-26,10.806666666666667
2022-04-27,10.78
2022-04-28,10.753333333333332
2022-04-29,10.726666666666667
2022-04-30,10.7
2022-05-01,10.7
2022-05-02,10.7
2022-05-03,10.7
2022-05-04,10.7
2022-05-05,10.7
2022-05-06,10.7
2022-05-07,10.7
2022-05-08,10.7
2022-05-09,10.7
2022-05-10,10.7
2022-05-11,10.7
2022-05-12,10.7
2022-05-13,10.7
2022-05-14,10.7
2022-05-15,10.7
2022-05-16,10.7
2022-05-17,10.7
2022-05-18,10.7
2022-05-19,10.7
2022-05-20,10.7
2022-05-21,10.7
2022-05-22,10.7
2022-05-23,10.7
2022-05-24,10.7
2022-05-25,10.7
2022-05-26,10.7
2022-05-27,10.7
2022-05-28,10.7
2022-05-29,10.7
2022-05-30,10.7
2022-05-31,10.7
2022-06-01,10.69
2022-06-02,10.68
2022-06-03,10.67
2022-06-04,10.66
2022-06-05,10.649999999999999
2022-06-06,10.639999999999999
2022-06-07,10.629999999999999
2022-06-08,10.62
2022-06-09,10.61
2022-06-10,10.6
2022-06-11,10.59
2022-06-12,10.58
2022-06-13,10.57
2022-06-14,10.56
2022-06-15,10.55
2022-06-16,10.54
2022-06-17,10.53
2022-06-18,10.52
2022-06-19,10.51
2022-06-20,10.5
2022-06-21,10.49
2022-06-22,10.48
2022-06-23,10.47
2022-06-24,10.46
2022-06-25,10.450000000000001
2022-06-26,10.44
2022-06-27,10.43
2022-06-28,10.42
2022-06-29,10.41
2022-06-30,10.4
2022-07-01,10.403225806451614
2022-07-02,10.406451612903226
2022-07-03,10.40967741935484
2022-07-04,10.412903225806453
2022-07-05,10.416129032258064
2022-07-06,10.419354838709678
2022-07-07,10.422580645161291
2022-07-08,10.425806451612903
2022-07-09,10.429032258064517
2022-07-10,10.432258064516128
2022-07-11,10.435483870967742
2022-07-12,10.438709677419356
2022-07-13,10.441935483870967
2022-07-14,10.44516129032258
2022-07-15,10.448387096774194
2022-07-16,10.451612903225806
2022-07-17,10.45483870967742
2022-07-18,10.458064516129033
2022-07-19,10.461290322580645
2022-07-20,10.464516129032258
2022-07-21,10.467741935483872
2022-07-22,10.470967741935484
2022-07-23,10.474193548387097
2022-07-24,10.477419354838709
2022-07-25,10.480645161290322
2022-07-26,10.483870967741936
2022-07-27,10.487096774193548
2022-07-28,10.490322580645161
2022-07-29,10.493548387096775
2022-07-30,10.496774193548386
2022-07-31,10.5
2022-08-01,10.496774193548386
2022-08-02,10.493548387096775
2022-08-03,10.490322580645161
2022-08-04,10.487096774193548
2022-08-05,10.483870967741936
2022-08-06,10.480645161290322
2022-08-07,10.477419354838709
2022-08-08,10.474193548387097
2022-08-09,10.470967741935484
2022-08-10,10.467741935483872
2022-08-11,10.464516129032258
2022-08-12,10.461290322580645
2022-08-13,10.458064516129033
2022-08-14,10.45483870967742
2022-08-15,10.451612903225806
2022-08-16,10.448387096774194
2022-08-17,10.44516129032258
2022-08-18,10.441935483870967
2022-08-19,10.438709677419356
2022-08-20,10.435483870967742
2022-08-21,10.432258064516128
2022-08-22,10.429032258064517
2022-08-23,10.425806451612903
2022-08-24,10.422580645161291
2022-08-25,10.419354838709678
2022-08-26,10.416129032258064
2022-08-27,10.412903225806453
2022-08-28,10.40967741935484
2022-08-29,10.406451612903226
2022-08-30,10.403225806451614
2022-08-31,10.4
2022-09-01,10.413333333333334
2022-09-02,10.426666666666668
2022-09-03,10.440000000000001
2022-09-04,10.453333333333333
2022-09-05,10.466666666666667
2022-09-06,10.48
2022-09-07,10.493333333333334
2022-09-08,10.506666666666668
2022-09-09,10.52
2022-09-10,10.533333333333333
2022-09-11,10.546666666666667
2022-09-12,10.56
2022-09-13,10.573333333333334
2022-09-14,10.586666666666668
2022-09-15,10.600000000000001
2022-09-16,10.613333333333333
2022-09-17,10.626666666666667
2022-09-18,10.64
2022-09-19,10.653333333333334
2022-09-20,10.666666666666668
2022-09-21,10.68
2022-09-22,10.693333333333333
2022-09-23,10.706666666666667
2022-09-24,10.72
2022-09-25,10.733333333333334
2022-09-26,10.746666666666668
2022-09-27,10.760000000000002
2022-09-28,10.773333333333333
2022-09-29,10.786666666666667
2022-09-30,10.8
2022-10-01,10.806451612903226
2022-10-02,10.812903225806453
2022-10-03,10.819354838709678
2022-10-04,10.825806451612904
2022-10-05,10.832258064516129
2022-10-06,10.838709677419356
2022-10-07,10.845161290322581
2022-10-08,10.851612903225806
2022-10-09,10.858064516129033
2022-10-10,10.864516129032259
2022-10-11,10.870967741935484
2022-10-12,10.87741935483871
2022-10-13,10.883870967741936
2022-10-14,10.890322580645162
2022-10-15,10.896774193548387
2022-10-16,10.903225806451614
2022-10-17,10.90967741935484
2022-10-18,10.916129032258064
2022-10-19,10.922580645161291
2022-10-20,10.929032258064517
2022-10-21,10.935483870967742
2022-10-22,10.941935483870967
2022-10-23,10.948387096774194
2022-10-24,10.95483870967742
2022-10-25,10.961290322580645
2022-10-26,10.967741935483872
2022-10-27,10.974193548387097
2022-10-28,10.980645161290322
2022-10-29,10.987096774193548
2022-10-30,10.993548387096775
2022-10-31,11.0
2022-11-01,11.02
2022-11-02,11.04
2022-11-03,11.06
2022-11-04,11.08
2022-11-05,11.1
2022-11-06,11.12
2022-11-07,11.14
2022-11-08,11.16
2022-11-09,11.18
2022-11-10,11.2
2022-11-11,11.22
2022-11-12,11.24
2022-11-13,11.26
2022-11-14,11.28
2022-11-15,11.3
2022-11-16,11.32
2022-11-17,11.34
2022-11-18,11.36
2022-11-19,11.379999999999999
2022-11-20,11.4
2022-11-21,11.42
2022-11-22,11.44
2022-11-23,11.459999999999999
2022-11-24,11.48
2022-11-25,11.5
2022-11-26,11.52
2022-11-27,11.54
2022-11-28,11.559999999999999
2022-11-29,11.58
2022-11-30,11.6
2022-12-01,11.6
2022-12-02,11.6
2022-12-03,11.6
2022-12-04,11.6
2022-12-05,11.6
2022-12-06,11.6
2022-12-07,11.6
2022-12-08,11.6
2022-12-09,11.6
2022-12-10,11.6
2022-12-11,11.6
2022-12-12,11.6
2022-12-13,11.6
2022-12-14,11.6
2022-12-15,11.6
2022-12-16,11.6
2022-12-17,11.6
2022-12-18,11.6
2022-12-19,11.6
2022-12-20,11.6
2022-12-21,11.6
2022-12-22,11.6
2022-12-23,11.6
2022-12-24,11.6
2022-12-25,11.6
2022-12-26,11.6
2022-12-27,11.6
2022-12-28,11.6
2022-12-29,11.6
2022-12-30,11.6
2022-12-31,11.6
2023-01-01,11.616129032258064
2023-01-02,11.63225806451613
2023-01-03,11.648387096774194
2023-01-04,11.664516129032258
2023-01-05,11.680645161290322
2023-01-06,11.696774193548388
2023-01-07,11.712903225806452
2023-01-08,11.729032258064516
2023-01-09,11.74516129032258
2023-01-10,11.761290322580646
2023-01-11,11.77741935483871
2023-01-12,11.793548387096774
2023-01-13,11.809677419354838
2023-01-14,11.825806451612904
2023-01-15,11.841935483870968
2023-01-16,11.858064516129032
2023-01-17,11.874193548387096
2023-01-18,11.890322580645162
2023-01-19,11.906451612903226
2023-01-20,11.92258064516129
2023-01-21,11.938709677419354
2023-01-22,11.95483870967742
2023-01-23,11.970967741935484
2023-01-24,11.987096774193548
2023-01-25,12.003225806451612
2023-01-26,12.019354838709678
2023-01-27,12.035483870967742
2023-01-28,12.051612903225806
2023-01-29,12.06774193548387
2023-01-30,12.083870967741936
2023-01-31,12.1
2023-02-01,12.085714285714285
2023-02-02,12.071428571428571
2023-02-03,12.057142857142857
2023-02-04,12.042857142857143
2023-02-05,12.028571428571428
2023-02-06,12.014285714285714
2023-02-07,12.0
2023-02-08,11.985714285714286
2023-02-09,11.971428571428572
2023-02-10,11.957142857142857
2023-02-11,11.942857142857143
2023-02-12,11.928571428571429
2023-02-13,11.914285714285715
2023-02-14,11.899999999999999
2023-02-15,11.885714285714284
2023-02-16,11.87142857142857
2023-02-17,11.857142857142856
2023-02-18,11.842857142857142
2023-02-19,11.828571428571427
2023-02-20,11.814285714285713
2023-02-21,11.799999999999999
2023-02-22,11.785714285714285
2023-02-23,11.77142857142857
2023-02-24,11.757142857142856
2023-02-25,11.742857142857142
2023-02-26,11.728571428571428
2023-02-27,11.714285714285714
2023-02-28,11.7
2023-03-01,11.709677419354838
2023-03-02,11.719354838709677
2023-03-03,11.729032258064516
2023-03-04,11.738709677419354
2023-03-05,11.748387096774193
2023-03-06,11.758064516129032
2023-03-07,11.76774193548387
2023-03-08,11.77741935483871
2023-03-09,11.787096774193548
2023-03-10,11.796774193548387
2023-03-11,11.806451612903226
2023-03-12,11.816129032258065
2023-03-13,11.825806451612904
2023-03-14,11.835483870967742
2023-03-15,11.845161290322581
2023-03-16,11.854838709677418
2023-03-17,11.864516129032257
2023-03-18,11.874193548387096
2023-03-19,11.883870967741935
2023-03-20,11.893548387096773
2023-03-21,11.903225806451612
2023-03-22,11.912903225806451
2023-03-23,11.92258064516129
2023-03-24,11.932258064516128
2023-03-25,11.941935483870967
2023-03-26,11.951612903225806
2023-03-27,11.961290322580645
2023-03-28,11.970967741935484
2023-03-29,11.980645161290322
2023-03-30,11.990322580645161
2023-03-31,12.0
2023-04-01,11.983333333333333
2023-04-02,11.966666666666667
2023-04-03,11.95
2023-04-04,11.933333333333334
2023-04-05,11.916666666666666
2023-04-06,11.9
2023-04-07,11.883333333333333
2023-04-08,11.866666666666667
2023-04-09,11.85
2023-04-10,11.833333333333334
2023-04-11,11.816666666666666
2023-04-12,11.8
2023-04-13,11.783333333333333
2023-04-14,11.766666666666667
2023-04-15,11.75
2023-04-16,11.733333333333333
2023-04-17,11.716666666666667
2023-04-18,11.7
2023-04-19,11.683333333333334
2023-04-20,11.666666666666666
2023-04-21,11.65
2023-04-22,11.633333333333333
2023-04-23,11.616666666666667
2023-04-24,11.6
2023-04-25,11.583333333333334
2023-04-26,11.566666666666666
2023-04-27,11.55
2023-04-28,11.533333333333333
2023-04-29,11.516666666666667
2023-04-30,11.5
2023-05-01,11.490322580645161
2023-05-02,11.480645161290322
2023-05-03,11.470967741935484
2023-05-04,11.461290322580645
2023-05-05,11.451612903225806
2023-05-06,11.441935483870967
2023-05-07,11.432258064516128
2023-05-08,11.42258064516129
2023-05-09,11.412903225806451
2023-05-10,11.403225806451612
2023-05-11,11.393548387096773
2023-05-12,11.383870967741935
2023-05-13,11.374193548387096
2023-05-14,11.364516129032257
2023-05-15,11.354838709677418
2023-05-16,11.345161290322581
2023-05-17,11.335483870967742
2023-05-18,11.325806451612904
2023-05-19,11.316129032258065
2023-05-20,11.306451612903226
2023-05-21,11.296774193548387
2023-05-22,11.287096774193548
2023-05-23,11.27741935483871
2023-05-24,11.26774193548387
2023-05-25,11.258064516129032
2023-05-26,11.248387096774193
2023-05-27,11.238709677419354
2023-05-28,11.229032258064516
2023-05-29,11.219354838709677
2023-05-30,11.209677419354838
2023-05-31,11.2
2023-06-01,11.19
2023-06-02,11.18
2023-06-03,11.17
2023-06-04,11.16
2023-06-05,11.149999999999999
2023-06-06,11.139999999999999
2023-06-07,11.129999999999999
2023-06-08,11.12
2023-06-09,11.11
2023-06-10,11.1
2023-06-11,11.09
2023-06-12,11.08
2023-06-13,11.07
2023-06-14,11.06
2023-06-15,11.05
2023-06-16,11.04
2023-06-17,11.03
2023-06-18,11.02
2023-06-19,11.01
2023-06-20,11.0
2023-06-21,10.99
2023-06-22,10.98
2023-06-23,10.97
2023-06-24,10.96
2023-06-25,10.950000000000001
2023-06-26,10.94
2023-06-27,10.93
2023-06-28,10.92
2023-06-29,10.91
2023-06-30,10.9
2023-07-01,10.916129032258064
2023-07-02,10.93225806451613
2023-07-03,10.948387096774194
2023-07-04,10.964516129032258
2023-07-05,10.980645161290322
2023-07-06,10.996774193548388
2023-07-07,11.012903225806452
2023-07-08,11.029032258064516
2023-07-09,11.04516129032258
2023-07-10,11.061290322580646
2023-07-11,11.07741935483871
2023-07-12,11.093548387096774
2023-07-13,11.109677419354838
2023-07-14,11.125806451612904
2023-07-15,11.141935483870968
2023-07-16,11.158064516129032
2023-07-17,11.174193548387096
2023-07-18,11.190322580645162
2023-07-19,11.206451612903226
2023-07-20,11.22258064516129
2023-07-21,11.238709677419354
2023-07-22,11.25483870967742
2023-07-23,11.270967741935484
2023-07-24,11.287096774193548
2023-07-25,11.303225806451612
2023-07-26,11.319354838709678
2023-07-27,11.335483870967742
2023-07-28,11.351612903225806
2023-07-29,11.36774193548387
2023-07-30,11.383870967741936
2023-07-31,11.4
2023-08-01,11.390322580645162
2023-08-02,11.380645161290323
2023-08-03,11.370967741935484
2023-08-04,11.361290322580645
2023-08-05,11.351612903225806
2023-08-06,11.341935483870968
2023-08-07,11.332258064516129
2023-08-08,11.32258064516129
2023-08-09,11.312903225806451
2023-08-10,11.303225806451612
2023-08-11,11.293548387096774
2023-08-12,11.283870967741935
2023-08-13,11.274193548387096
2023-08-14,11.264516129032257
2023-08-15,11.254838709677419
2023-08-16,11.245161290322581
2023-08-17,11.235483870967743
2023-08-18,11.225806451612904
2023-08-19,11.216129032258065
2023-08-20,11.206451612903226
2023-08-21,11.196774193548388
2023-08-22,11.187096774193549
2023-08-23,11.17741935483871
2023-08-24,11.167741935483871
2023-08-25,11.158064516129032
2023-08-26,11.148387096774194
2023-08-27,11.138709677419355
2023-08-28,11.129032258064516
2023-08-29,11.119354838709677
2023-08-30,11.109677419354838
2023-08-31,11.1
2023-09-01,11.113333333333333
2023-09-02,11.126666666666667
2023-09-03,11.14
2023-09-04,11.153333333333332
2023-09-05,11.166666666666666
2023-09-06,11.18
2023-09-07,11.193333333333333
2023-09-08,11.206666666666667
2023-09-09,11.219999999999999
2023-09-10,11.233333333333333
2023-09-11,11.246666666666666
2023-09-12,11.26
2023-09-13,11.273333333333333
2023-09-14,11.286666666666667
2023-09-15,11.3
2023-09-16,11.313333333333333
2023-09-17,11.326666666666666
2023-09-18,11.34
2023-09-19,11.353333333333333
2023-09-20,11.366666666666667
2023-09-21,11.379999999999999
2023-09-22,11.393333333333333
2023-09-23,11.406666666666666
2023-09-24,11.42
2023-09-25,11.433333333333334
2023-09-26,11.446666666666667
2023-09-27,11.46
2023-09-28,11.473333333333333
2023-09-29,11.486666666666666
2023-09-30,11.5
2023-10-01,11.509677419354839
2023-10-02,11.519354838709678
2023-10-03,11.529032258064516
2023-10-04,11.538709677419355
2023-10-05,11.548387096774194
2023-10-06,11.558064516129033
2023-10-07,11.567741935483872
2023-10-08,11.57741935483871
2023-10-09,11.587096774193549
2023-10-10,11.596774193548388
2023-10-11,11.606451612903227
2023-10-12,11.616129032258065
2023-10-13,11.625806451612904
2023-10-14,11.635483870967743
2023-10-15,11.645161290322582
2023-10-16,11.654838709677419
2023-10-17,11.664516129032258
2023-10-18,11.674193548387096
2023-10-19,11.683870967741935
2023-10-20,11.693548387096774
2023-10-21,11.703225806451613
2023-10-22,11.712903225806452
2023-10-23,11.72258064516129
2023-10-24,11.73225806451613
2023-10-25,11.741935483870968
2023-10-26,11.751612903225807
2023-10-27,11.761290322580646
2023-10-28,11.770967741935484
2023-10-29,11.780645161290323
2023-10-30,11.790322580645162
2023-10-31,11.8
2023-11-01,11.813333333333334
2023-11-02,11.826666666666668
2023-11-03,11.84
2023-11-04,11.853333333333333
2023-11-05,11.866666666666667
2023-11-06,11.88
2023-11-07,11.893333333333334
2023-11-08,11.906666666666666
2023-11-09,11.92
2023-11-10,11.933333333333334
2023-11-11,11.946666666666667
2023-11-12,11.96
2023-11-13,11.973333333333333
2023-11-14,11.986666666666666
2023-11-15,12.0
2023-11-16,12.013333333333334
2023-11-17,12.026666666666667
2023-11-18,12.04
2023-11-19,12.053333333333333
2023-11-20,12.066666666666666
2023-11-21,12.08
2023-11-22,12.093333333333334
2023-11-23,12.106666666666666
2023-11-24,12.12
2023-11-25,12.133333333333333
2023-11-26,12.146666666666667
2023-11-27,12.16
2023-11-28,12.173333333333332
2023-11-29,12.186666666666666
2023-11-30,12.2
2023-12-01,12.219354838709677
2023-12-02,12.238709677419354
2023-12-03,12.258064516129032
2023-12-04,12.27741935483871
2023-12-05,12.296774193548387
2023-12-06,12.316129032258065
2023-12-07,12.335483870967742
2023-12-08,12.354838709677418
2023-12-09,12.374193548387096
2023-12-10,12.393548387096773
2023-12-11,12.412903225806451
2023-12-12,12.432258064516128
2023-12-13,12.451612903225806
2023-12-14,12.470967741935484
2023-12-15,12.490322580645161
2023-12-16,12.509677419354839
2023-12-17,12.529032258064516
2023-12-18,12.548387096774194
2023-12-19,12.567741935483872
2023-12-20,12.587096774193549
2023-12-21,12.606451612903227
2023-12-22,12.625806451612904
2023-12-23,12.645161290322582
2023-12-24,12.664516129032258
2023-12-25,12.683870967741935
2023-12-26,12.703225806451613
2023-12-27,12.72258064516129
2023-12-28,12.741935483870968
2023-12-29,12.761290322580646
2023-12-30,12.780645161290323
2023-12-31,12.8
2024-01-01,12.793548387096775
2024-01-02,12.787096774193548
2024-01-03,12.780645161290323
2024-01-04,12.774193548387098
2024-01-05,12.76774193548387
2024-01-06,12.761290322580646
2024-01-07,12.75483870967742
2024-01-08,12.748387096774193
2024-01-09,12.741935483870968
2024-01-10,12.735483870967743
2024-01-11,12.729032258064516
2024-01-12,12.72258064516129
2024-01-13,12.716129032258065
2024-01-14,12.709677419354838
2024-01-15,12.703225806451613
2024-01-16,12.696774193548388
2024-01-17,12.690322580645162
2024-01-18,12.683870967741935
2024-01-19,12.67741935483871
2024-01-20,12.670967741935485
2024-01-21,12.664516129032258
2024-01-22,12.658064516129032
2024-01-23,12.651612903225807
2024-01-24,12.64516129032258
2024-01-25,12.638709677419355
2024-01-26,12.63225806451613
2024-01-27,12.625806451612902
2024-01-28,12.619354838709677
2024-01-29,12.612903225806452
2024-01-30,12.606451612903225
2024-01-31,12.6
2024-02-01,12.593103448275862
2024-02-02,12.586206896551724
2024-02-03,12.579310344827586
2024-02-04,12.572413793103449
2024-02-05,12.56551724137931
2024-02-06,12.558620689655172
2024-02-07,12.551724137931034
2024-02-08,12.544827586206896
2024-02-09,12.537931034482758
2024-02-10,12.53103448275862
2024-02-11,12.524137931034483
2024-02-12,12.517241379310345
2024-02-13,12.510344827586207
2024-02-14,12.50344827586207
2024-02-15,12.49655172413793
2024-02-16,12.489655172413793
2024-02-17,12.482758620689655
2024-02-18,12.475862068965517
2024-02-19,12.46896551724138
2024-02-20,12.462068965517242
2024-02-21,12.455172413793104
2024-02-22,12.448275862068966
2024-02-23,12.441379310344828
2024-02-24,12.43448275862069
2024-02-25,12.427586206896551
2024-02-26,12.420689655172414
2024-02-27,12.413793103448276
2024-02-28,12.406896551724138
2024-02-29,12.4
2024-03-01,12.40967741935484
2024-03-02,12.419354838709678
2024-03-03,12.429032258064517
2024-03-04,12.438709677419356
2024-03-05,12.448387096774194
2024-03-06,12.458064516129033
2024-03-07,12.467741935483872
2024-03-08,12.477419354838709
2024-03-09,12.487096774193548
2024-03-10,12.496774193548386
2024-03-11,12.506451612903225
2024-03-12,12.516129032258064
2024-03-13,12.525806451612903
2024-03-14,12.535483870967742
2024-03-15,12.54516129032258
2024-03-16,12.55483870967742
2024-03-17,12.564516129032258
2024-03-18,12.574193548387097
2024-03-19,12.583870967741936
2024-03-20,12.593548387096774
2024-03-21,12.603225806451613
2024-03-22,12.612903225806452
2024-03-23,12.62258064516129
2024-03-24,12.632258064516128
2024-03-25,12.641935483870967
2024-03-26,12.651612903225805
2024-03-27,12.661290322580644
2024-03-28,12.670967741935483
2024-03-29,12.680645161290322
2024-03-30,12.69032258064516
2024-03-31,12.7
2024-04-01,12.68
2024-04-02,12.66
2024-04-03,12.639999999999999
2024-04-04,12.62
2024-04-05,12.6
2024-04-06,12.58
2024-04-07,12.559999999999999
2024-04-08,12.54
2024-04-09,12.52
2024-04-10,12.5
2024-04-11,12.479999999999999
2024-04-12,12.459999999999999
2024-04-13,12.44
2024-04-14,12.42
2024-04-15,12.399999999999999
2024-04-16,12.379999999999999
2024-04-17,12.36
2024-04-18,12.34
2024-04-19,12.32
2024-04-20,12.299999999999999
2024-04-21,12.28
2024-04-22,12.26
2024-04-23,12.24
2024-04-24,12.219999999999999
2024-04-25,12.2
2024-04-26,12.18
2024-04-27,12.16
2024-04-28,12.14
2024-04-29,12.12
2024-04-30,12.1
2024-05-01,12.077419354838709
2024-05-02,12.05483870967742
2024-05-03,12.032258064516128
2024-05-04,12.009677419354839
2024-05-05,11.987096774193548
2024-05-06,11.964516129032258
2024-05-07,11.941935483870967
2024-05-08,11.919354838709678
2024-05-09,11.896774193548387
2024-05-10,11.874193548387098
2024-05-11,11.851612903225806
2024-05-12,11.829032258064515
2024-05-13,11.806451612903226
2024-05-14,11.783870967741935
2024-05-15,11.761290322580646
2024-05-16,11.738709677419354
2024-05-17,11.716129032258065
2024-05-18,11.693548387096774
2024-05-19,11.670967741935485
2024-05-20,11.648387096774194
2024-05-21,11.625806451612902
2024-05-22,11.603225806451613
2024-05-23,11.580645161290322
2024-05-24,11.558064516129033
2024-05-25,11.535483870967742
2024-05-26,11.512903225806452
2024-05-27,11.490322580645161
2024-05-28,11.467741935483872
2024-05-29,11.44516129032258
2024-05-30,11.422580645161291
2024-05-31,11.4
2024-06-01,11.403333333333334
2024-06-02,11.406666666666666
2024-06-03,11.41
2024-06-04,11.413333333333334
2024-06-05,11.416666666666668
2024-06-06,11.42
2024-06-07,11.423333333333334
2024-06-08,11.426666666666668
2024-06-09,11.43
2024-06-10,11.433333333333334
2024-06-11,11.436666666666667
2024-06-12,11.44
2024-06-13,11.443333333333333
2024-06-14,11.446666666666667
2024-06-15,11.45
2024-06-16,11.453333333333333
2024-06-17,11.456666666666667
2024-06-18,11.46
2024-06-19,11.463333333333333
2024-06-20,11.466666666666667
2024-06-21,11.47
2024-06-22,11.473333333333333
2024-06-23,11.476666666666667
2024-06-24,11.48
2024-06-25,11.483333333333334
2024-06-26,11.486666666666666
2024-06-27,11.49
2024-06-28,11.493333333333334
2024-06-29,11.496666666666666
2024-06-30,11.5
2024-07-01,11.503225806451614
2024-07-02,11.506451612903225
2024-07-03,11.509677419354839
2024-07-04,11.512903225806452
2024-07-05,11.516129032258064
2024-07-06,11.519354838709678
2024-07-07,11.522580645161291
2024-07-08,11.525806451612903
2024-07-09,11.529032258064516
2024-07-10,11.532258064516128
2024-07-11,11.535483870967742
2024-07-12,11.538709677419355
2024-07-13,11.541935483870967
2024-07-14,11.54516129032258
2024-07-15,11.548387096774194
2024-07-16,11.551612903225806
2024-07-17,11.55483870967742
2024-07-18,11.558064516129033
2024-07-19,11.561290322580644
2024-07-20,11.564516129032258
2024-07-21,11.567741935483872
2024-07-22,11.570967741935483
2024-07-23,11.574193548387097
2024-07-24,11.577419354838709
2024-07-25,11.580645161290322
2024-07-26,11.583870967741936
2024-07-27,11.587096774193547
2024-07-28,11.59032258064516
2024-07-29,11.593548387096774
2024-07-30,11.596774193548386
2024-07-31,11.6
2024-08-01,11.596774193548386
2024-08-02,11.593548387096774
2024-08-03,11.59032258064516
2024-08-04,11.587096774193547
2024-08-05,11.583870967741936
2024-08-06,11.580645161290322
2024-08-07,11.577419354838709
2024-08-08,11.574193548387097
2024-08-09,11.570967741935483
2024-08-10,11.567741935483872
2024-08-11,11.564516129032258
2024-08-12,11.561290322580644
2024-08-13,11.558064516129033
2024-08-14,11.55483870967742
2024-08-15,11.551612903225806
2024-08-16,11.548387096774194
2024-08-17,11.54516129032258
2024-08-18,11.541935483870967
2024-08-19,11.538709677419355
2024-08-20,11.535483870967742
2024-08-21,11.532258064516128
2024-08-22,11.529032258064516
2024-08-23,11.525806451612903
2024-08-24,11.522580645161291
2024-08-25,11.519354838709678
2024-08-26,11.516129032258064
2024-08-27,11.512903225806452
2024-08-28,11.509677419354839
2024-08-29,11.506451612903225
2024-08-30,11.503225806451614
2024-08-31,11.5
2024-09-01,11.51
2024-09-02,11.52
2024-09-03,11.53
2024-09-04,11.540000000000001
2024-09-05,11.55
2024-09-06,11.56
2024-09-07,11.57
2024-09-08,11.58
2024-09-09,11.59
2024-09-10,11.6
2024-09-11,11.61
2024-09-12,11.620000000000001
2024-09-13,11.63
2024-09-14,11.64
2024-09-15,11.65
2024-09-16,11.66
2024-09-17,11.67
2024-09-18,11.68
2024-09-19,11.690000000000001
2024-09-20,11.700000000000001
2024-09-21,11.71
2024-09-22,11.72
2024-09-23,11.73
2024-09-24,11.74
2024-09-25,11.75
2024-09-26,11.76
2024-09-27,11.770000000000001
2024-09-28,11.780000000000001
2024-09-29,11.790000000000001
2024-09-30,11.8
2024-10-01,11.812430239041795
2024-10-02,11.824860478083592
2024-10-03,11.837290717125386
2024-10-04,11.84972095616718
2024-10-05,11.862151195208977
2024-10-06,11.874581434250771
2024-10-07,11.887011673292566
2024-10-08,11.899441912334362
2024-10-09,11.911872151376157
2024-10-10,11.924302390417953
2024-10-11,11.936732629459748
2024-10-12,11.949162868501542
2024-10-13,11.961593107543338
2024-10-14,11.974023346585133
2024-10-15,11.986453585626927
2024-10-16,11.998883824668724
2024-10-17,12.011314063710518
2024-10-18,12.023744302752313
2024-10-19,12.036174541794109
2024-10-20,12.048604780835904
2024-10-21,12.061035019877698
2024-10-22,12.073465258919494
2024-10-23,12.085895497961289
2024-10-24,12.098325737003083
2024-10-25,12.11075597604488
2024-10-26,12.123186215086674
2024-10-27,12.13561645412847
2024-10-28,12.148046693170265
2024-10-29,12.16047693221206
2024-10-30,12.172907171253856
2024-10-31,12.18533741029565
2024-11-01,12.194494133722797
2024-11-02,12.203650857149944
2024-11-03,12.21280758057709
2024-11-04,12.221964304004237
2024-11-05,12.231121027431383
2024-11-06,12.24027775085853
2024-11-07,12.249434474285676
2024-11-08,12.258591197712823
2024-11-09,12.26774792113997
2024-11-10,12.276904644567116
2024-11-11,12.286061367994263
2024-11-12,12.29521809142141
2024-11-13,12.304374814848556
2024-11-14,12.313531538275702
2024-11-15,12.322688261702847
2024-11-16,12.331844985129994
2024-11-17,12.34100170855714
2024-11-18,12.350158431984287
2024-11-19,12.359315155411434
2024-11-20,12.36847187883858
2024-11-21,12.377628602265727
2024-11-22,12.386785325692873
2024-11-23,12.39594204912002
2024-11-24,12.405098772547166
2024-11-25,12.414255495974313
2024-11-26,12.42341221940146
2024-11-27,12.432568942828606
2024-11-28,12.441725666255753
2024-11-29,12.4508823896829
2024-11-30,12.460039113110046
2024-12-01,12.479483249134804
2024-12-02,12.498927385159561
2024-12-03,12.518371521184317
2024-12-04,12.537815657209075
2024-12-05,12.557259793233833
2024-12-06,12.57670392925859
2024-12-07,12.596148065283346
2024-12-08,12.615592201308104
2024-12-09,12.635036337332862
2024-12-10,12.65448047335762
2024-12-11,12.673924609382375
2024-12-12,12.693368745407133
2024-12-13,12.71281288143189
2024-12-14,12.732257017456648
2024-12-15,12.751701153481406
2024-12-16,12.771145289506162
2024-12-17,12.79058942553092
2024-12-18,12.810033561555677
2024-12-19,12.829477697580435
2024-12-20,12.848921833605191
2024-12-21,12.868365969629949
2024-12-22,12.887810105654706
2024-12-23,12.907254241679464
2024-12-24,12.926698377704222
2024-12-25,12.946142513728978
2024-12-26,12.965586649753735
2024-12-27,12.985030785778493
2024-12-28,13.00447492180325
2024-12-29,13.023919057828007
2024-12-30,13.043363193852764
2024-12-31,13.062807329877522
2025-01-01,13.061549045902911
2025-01-02,13.060290761928298
2025-01-03,13.059032477953687
2025-01-04,13.057774193979077
2025-01-05,13.056515910004464
2025-01-06,13.055257626029853
2025-01-07,13.053999342055242
2025-01-08,13.05274105808063
2025-01-09,13.051482774106018
2025-01-10,13.050224490131408
2025-01-11,13.048966206156795
2025-01-12,13.047707922182184
2025-01-13,13.046449638207573
2025-01-14,13.04519135423296
2025-01-15,13.04393307025835
2025-01-16,13.042674786283738
2025-01-17,13.041416502309128
2025-01-18,13.040158218334515
2025-01-19,13.038899934359904
2025-01-20,13.037641650385293
2025-01-21,13.03638336641068
2025-01-22,13.03512508243607
2025-01-23,13.033866798461458
2025-01-24,13.032608514486846
2025-01-25,13.031350230512235
2025-01-26,13.030091946537624
2025-01-27,13.028833662563011
2025-01-28,13.0275753785884
2025-01-29,13.02631709461379
2025-01-30,13.025058810639177
2025-01-31,13.023800526664566
2025-02-01,13.018869514903086
2025-02-02,13.013938503141606
2025-02-03,13.009007491380126
2025-02-04,13.004076479618647
2025-02-05,12.999145467857167
2025-02-06,12.994214456095687
2025-02-07,12.989283444334207
2025-02-08,12.984352432572727
2025-02-09,12.979421420811248
2025-02-10,12.974490409049768
2025-02-11,12.969559397288288
2025-02-12,12.964628385526808
2025-02-13,12.959697373765328
2025-02-14,12.954766362003848
2025-02-15,12.949835350242369
2025-02-16,12.944904338480889
2025-02-17,12.939973326719409
2025-02-18,12.93504231495793
2025-02-19,12.93011130319645
2025-02-20,12.92518029143497
2025-02-21,12.92024927967349
2025-02-22,12.91531826791201
2025-02-23,12.91038725615053
2025-02-24,12.90545624438905
2025-02-25,12.90052523262757
2025-02-26,12.89559422086609
2025-02-27,12.890663209104611
2025-02-28,12.885732197343131
2025-03-01,12.890078339256792
2025-03-02,12.894424481170454
2025-03-03,12.898770623084115
2025-03-04,12.903116764997776
2025-03-05,12.907462906911437
2025-03-06,12.9118090488251
2025-03-07,12.916155190738762
2025-03-08,12.920501332652423
2025-03-09,12.924847474566084
2025-03-10,12.929193616479745
2025-03-11,12.933539758393406
2025-03-12,12.937885900307068
2025-03-13,12.942232042220729
2025-03-14,12.94657818413439
2025-03-15,12.950924326048051
2025-03-16,12.955270467961714
2025-03-17,12.959616609875376
2025-03-18,12.963962751789037
2025-03-19,12.968308893702698
2025-03-20,12.97265503561636
2025-03-21,12.97700117753002
2025-03-22,12.981347319443682
2025-03-23,12.985693461357343
2025-03-24,12.990039603271004
2025-03-25,12.994385745184665
2025-03-26,12.998731887098328
2025-03-27,13.00307802901199
2025-03-28,13.00742417092565
2025-03-29,13.011770312839312
2025-03-30,13.016116454752973
2025-03-31,13.020462596666635
2025-04-01,13.005633896260322
2025-04-02,12.99080519585401
2025-04-03,12.975976495447698
2025-04-04,12.961147795041386
2025-04-05,12.946319094635074
2025-04-06,12.931490394228762
2025-04-07,12.91666169382245
2025-04-08,12.901832993416138
2025-04-09,12.887004293009825
2025-04-10,12.872175592603513
2025-04-11,12.857346892197201
2025-04-12,12.842518191790889
2025-04-13,12.827689491384577
2025-04-14,12.812860790978265
2025-04-15,12.798032090571953
2025-04-16,12.78320339016564
2025-04-17,12.768374689759328
2025-04-18,12.753545989353016
2025-04-19,12.738717288946704
2025-04-20,12.723888588540392
2025-04-21,12.70905988813408
2025-04-22,12.694231187727768
2025-04-23,12.679402487321456
2025-04-24,12.664573786915144
2025-04-25,12.649745086508831
2025-04-26,12.63491638610252
2025-04-27,12.620087685696207
2025-04-28,12.605258985289895
2025-04-29,12.590430284883583
2025-04-30,12.57560158447727
2025-05-01,12.553938576502373
2025-05-02,12.532275568527476
2025-05-03,12.510612560552579
2025-05-04,12.488949552577681
2025-05-05,12.467286544602784
2025-05-06,12.445623536627886
2025-05-07,12.423960528652989
2025-05-08,12.40229752067809
2025-05-09,12.380634512703192
2025-05-10,12.358971504728295
2025-05-11,12.337308496753398
2025-05-12,12.3156454887785
2025-05-13,12.293982480803603
2025-05-14,12.272319472828705
2025-05-15,12.250656464853808
2025-05-16,12.22899345687891
2025-05-17,12.207330448904013
2025-05-18,12.185667440929116
2025-05-19,12.164004432954219
2025-05-20,12.142341424979321
2025-05-21,12.120678417004424
2025-05-22,12.099015409029526
2025-05-23,12.077352401054629
2025-05-24,12.05568939307973
2025-05-25,12.034026385104832
2025-05-26,12.012363377129935
2025-05-27,11.990700369155038
2025-05-28,11.96903736118014
2025-05-29,11.947374353205243
2025-05-30,11.925711345230345
2025-05-31,11.904048337255448
2025-06-01,11.908156540079688
2025-06-02,11.912264742903927
2025-06-03,11.916372945728167
2025-06-04,11.920481148552408
2025-06-05,11.924589351376648
2025-06-06,11.928697554200888
2025-06-07,11.932805757025127
2025-06-08,11.936913959849367
2025-06-09,11.941022162673608
2025-06-10,11.945130365497848
2025-06-11,11.949238568322087
2025-06-12,11.953346771146327
2025-06-13,11.957454973970567
2025-06-14,11.961563176794806
2025-06-15,11.965671379619046
2025-06-16,11.969779582443287
2025-06-17,11.973887785267527
2025-06-18,11.977995988091767
2025-06-19,11.982104190916006
2025-06-20,11.986212393740246
2025-06-21,11.990320596564487
2025-06-22,11.994428799388727
2025-06-23,11.998537002212966
2025-06-24,12.002645205037206
2025-06-25,12.006753407861446
2025-06-26,12.010861610685685
2025-06-27,12.014969813509925
2025-06-28,12.019078016334166
2025-06-29,12.023186219158406
2025-06-30,12.027294421982646
2025-07-01,12.030890618231384
2025-07-02,12.034486814480122
2025-07-03,12.038083010728858
2025-07-04,12.041679206977596
2025-07-05,12.045275403226334
2025-07-06,12.048871599475072
2025-07-07,12.05246779572381
2025-07-08,12.056063991972547
2025-07-09,12.059660188221285
2025-07-10,12.063256384470023
2025-07-11,12.066852580718761
2025-07-12,12.070448776967499
2025-07-13,12.074044973216235
2025-07-14,12.077641169464973
2025-07-15,12.081237365713712
2025-07-16,12.08483356196245
2025-07-17,12.088429758211188
2025-07-18,12.092025954459926
2025-07-19,12.095622150708662
2025-07-20,12.0992183469574
2025-07-21,12.102814543206138
2025-07-22,12.106410739454876
2025-07-23,12.110006935703614
2025-07-24,12.11360313195235
2025-07-25,12.117199328201089
2025-07-26,12.120795524449827
2025-07-27,12.124391720698565
2025-07-28,12.127987916947303
2025-07-29,12.13158411319604
2025-07-30,12.135180309444777
2025-07-31,12.138776505693516
2025-08-01,12.135696144400969
2025-08-02,12.132615783108422
2025-08-03,12.129535421815875
2025-08-04,12.126455060523329
2025-08-05,12.123374699230782
2025-08-06,12.120294337938237
2025-08-07,12.11721397664569
2025-08-08,12.114133615353143
2025-08-09,12.111053254060597
2025-08-10,12.10797289276805
2025-08-11,12.104892531475503
2025-08-12,12.101812170182956
2025-08-13,12.09873180889041
2025-08-14,12.095651447597863
2025-08-15,12.092571086305316
2025-08-16,12.089490725012771
2025-08-17,12.086410363720224
2025-08-18,12.083330002427678
2025-08-19,12.080249641135131
2025-08-20,12.077169279842584
2025-08-21,12.074088918550038
2025-08-22,12.07100855725749
2025-08-23,12.067928195964944
2025-08-24,12.064847834672397
2025-08-25,12.06176747337985
2025-08-26,12.058687112087306
2025-08-27,12.055606750794759
2025-08-28,12.052526389502212
2025-08-29,12.049446028209665
2025-08-30,12.046365666917119
2025-08-31,12.043285305624572
2025-09-01,12.053128251186097
2025-09-02,12.062971196747622
2025-09-03,12.072814142309149
2025-09-04,12.082657087870674
2025-09-05,12.092500033432199
2025-09-06,12.102342978993724
2025-09-07,12.112185924555249
2025-09-08,12.122028870116774
2025-09-09,12.131871815678299
2025-09-10,12.141714761239825
2025-09-11,12.15155770680135
2025-09-12,12.161400652362875
2025-09-13,12.1712435979244
2025-09-14,12.181086543485925
2025-09-15,12.190929489047452
2025-09-16,12.200772434608977
2025-09-17,12.210615380170502
2025-09-18,12.220458325732027
2025-09-19,12.230301271293552
2025-09-20,12.240144216855077
2025-09-21,12.249987162416602
2025-09-22,12.259830107978129
2025-09-23,12.269673053539654
2025-09-24,12.279515999101179
2025-09-25,12.289358944662704
2025-09-26,12.299201890224229
2025-09-27,12.309044835785755
2025-09-28,12.31888778134728
2025-09-29,12.328730726908805
2025-09-30,12.33857367247033
